Publisher,ArticleCount
Yahoo Finance,2239
Seeking Alpha,762
Investopedia,433
Nasdaq,406
Insider Monkey,382
Bloomberg,326
Investor's Business Daily,314
TipRanks,233
The Motley Fool,224
CNBC,216
Reuters,199
Benzinga,191
Amazon Web Services (AWS),184
TradingView,174
Quartz,158
About Amazon,138
24/7 Wall St.,119
Forbes,98
MarketWatch,97
Meta Store,92
InvestorPlace,89
Barchart.com,87
Electrek,78
Morningstar,78
GuruFocus,70
FXEmpire,69
Social Media Today,68
MarketBeat,67
MSN,66
Finbold,65
Teslarati,58
StreetInsider,58
WSJ,52
Money Morning,44
StockNews,43
Watcher Guru,42
The New York Times,41
tastylive,40
Business Insider,38
Kiplinger,38
simplywall.st,38
TechCrunch,37
The Globe and Mail,37
AlphaStreet,35
Schaeffer's Investment Research,33
Engineering at Meta,33
Fast Company,32
AP News,31
9to5Mac,31
Yahoo,31
Stock Titan,29
Barron's,29
The Verge,28
Nature,28
Axios,25
International Brotherhood of Teamsters,23
NPR,20
Zacks Investment Research,19
Proactive financial news,18
news.stocktradersdaily.com,18
PYMNTS.com,17
markets.businessinsider.com,17
Trefis,17
GeekWire,16
Proactive Investors,16
Markets.com,16
TheStreet,15
The Guardian,15
FXStreet,14
Business Wire,14
Data Center Dynamics,14
Investing.com,13
WIRED,13
PR Newswire,12
Entrepreneur,12
BBC,12
Adweek,12
Tech Policy Press,11
Cabot Wealth Network,11
Shacknews,11
Utility Dive,10
Microsoft,10
The Hacker News,10
eMarketer,10
About Amazon Europe,10
The Information,10
ETF.com,9
Fortune,9
NBC News,9
The Acquirer's Multiple,8
Tesla Oracle,8
Analytics Insight,8
MacDailyNews,8
ETF Trends,8
Amnesty International,7
VentureBeat,7
Courthouse News,7
Engadget,7
AOL.com,7
The Washington Post,7
Finance Magnates,7
TheStreet Pro,7
Search Engine Land,7
Broadcom,7
CBS News,6
CoinCentral,6
Vermont Business Magazine,6
Financial Times,6
AskTraders.com,6
Los Angeles Times,6
CCN.com,6
ESG Dive,6
MoneyCheck,6
NVIDIA Newsroom,5
AppleInsider,5
Inc.com,5
SiliconANGLE,5
XR Today,5
U.S. Consumer Product Safety Commission (.gov),5
FXLeaders,5
ChannelE2E,5
CNET,5
Marketing Dive,5
Politico,5
"Forexlive | Forex News, Technical Analysis & Trading Tools",5
USA Today,5
AI at Meta,5
Mashable,5
CNN,5
UploadVR,5
Electronic Frontier Foundation,5
AdExchanger,5
Tokenist,4
Al Jazeera,4
IEEE Spectrum,4
The Sun,4
The Conversation,4
home.saxo,4
Marketing Brew,4
Crunchbase News,4
Forexlive,4
theregister.com,4
Hedgeye,4
GlobeNewswire,3
admiralmarkets.com,3
Value The Markets,3
PBS,3
BNN Bloomberg,3
financialexpress.com,3
Fierce Healthcare,3
District of Columbia | Attorney General (.gov),3
DirectorsTalk Interviews,3
eToro,3
AFR,3
Technology Magazine,3
Shreveport Times,3
CoinDesk,3
Digiday,3
INDODAX,3
Bankrate,3
The Crypto Basic,3
Real Investment Advice,3
CarbonCredits.com,3
Virginia Mercury,3
The Tradable,3
Sherwood News,3
Variety,3
Virginia Tech News,3
ScienceDirect.com,3
Latest news from Azerbaijan,3
ZDNET,3
Trellis Group,3
The Ghost Howls,3
MIT Technology Review,3
World Nuclear News,3
CoStar,3
Information Technology and Innovation Foundation (ITIF),3
noyb.eu,3
ESPN,3
Time Magazine,2
Entergy Newsroom,2
Semafor,2
Columbia Journalism Review,2
The Economic Times,2
The Smart Investor,2
Economies.com,2
The Record from Recorded Future News,2
Louisiana Illuminator,2
Fox Business,2
The Drum,2
RWE,2
Euronews.com,2
The Texas Tribune,2
ETF Stream,2
VICE,2
Statista,2
The American Prospect,2
Lifehacker,2
Canary Media,2
New York Post,2
Computerworld,2
آي-فون إسلام,2
Stratechery by Ben Thompson,2
Niantic Labs,2
theafricalogistics.com,2
FinancialContent,2
MarTech,2
DataDrivenInvestor,2
TECHi,2
CyberScoop,2
The Shortcut | Matt Swider,2
The US Sun,2
Tom's Guide,2
Campaign Asia,2
Gizmodo,2
InsuranceNewsNet,2
New York Magazine,2
PCMag,2
ABC7 New York,2
The Hollywood Reporter,2
Music Business Worldwide,2
Cointelegraph,2
The Oversight Board,2
Cornell Chronicle,2
FreightWaves,2
MusicRow.com,2
State of California - Department of Justice (.gov),2
amazonwatch.org,2
PIRG,2
Mongabay,2
marketpulse.com,2
MSSP Alert,2
Healthcare Dive,2
The Economist,2
MobiHealthNews,2
Digital Commerce 360,2
Supply Chain Dive,2
ig.com,2
The Cryptonomist,2
CoinGape,2
Wall Street Pit,2
Securities.io,2
cio.com,2
eos.org,2
cataudellafh.com,1
Vanderbilt University,1
The Independent Florida Alligator,1
Organized Crime and Corruption Reporting Project | OCCRP,1
Sustainalytics,1
Roll Call,1
Computer Weekly,1
Built In,1
Lenovo StoryHub,1
U.S. Senate (.gov),1
Hyperallergic,1
KTVU,1
Trend Micro,1
UFC.com,1
Forrester,1
San Francisco Chronicle,1
HR Grapevine,1
LiveNOW from FOX,1
The Leadership Conference on Civil and Human Rights,1
ESG Today,1
GovTech,1
The Atlantic,1
Toledo Blade,1
fox8live.com,1
The San Francisco Standard,1
TechRepublic,1
Visual Capitalist,1
Stanford Law School,1
The Equation - Union of Concerned Scientists,1
Construction Dive,1
HRC | Human Rights Campaign,1
AI Business,1
ERP Today,1
Competitive Enterprise Institute,1
UNEP - UN Environment Programme,1
KNOE,1
Baton Rouge Business Report,1
Harvard T.H. Chan School of Public Health,1
ESPN Front Row,1
World Bank,1
Campaign Legal Center,1
University of Houston,1
West Virginia University,1
Turner Construction Company,1
- Center for Democracy and Technology,1
Arnold & Porter,1
NBC Bay Area,1
GLAAD,1
Vinson & Elkins LLP,1
Lawyers' Committee for Civil Rights Under Law,1
Frontiers,1
MSUToday,1
Open Society Foundations,1
The College Today,1
MSNBC News,1
The Hill,1
New Scientist,1
McNeese State University Athletics,1
Northeastern Global News,1
Poynter,1
FactCheck.org,1
Just Security,1
The Cloudflare Blog,1
Microsoft Azure,1
WPR,1
Stockhouse,1
The Motley Fool Canada,1
Google Blog,1
FIU News,1
How-To Geek,1
Mi-3.com.au.,1
Vatican News,1
ABC Money,1
nwitimes.com,1
Lakeshore Public Media,1
TechStory,1
The Rockefeller Foundation,1
FinanceFeeds,1
CalMatters,1
moneyshow.com,1
Android Authority,1
The Estée Lauder Companies Inc.,1
Yarrawonga Chronicle,1
substack.com,1
LPL Financial,1
Investorsobserver,1
NerdWallet,1
NVIDIA Blog,1
Oceana | Protecting the World's Oceans,1
A Wealth of Common Sense,1
finchannel,1
InvestmentNews,1
InvestingCube,1
Fool UK,1
Mitrade,1
University of Arizona News,1
The Daily Hodl,1
Men's Journal,1
citybiz,1
Sure Dividend,1
Global Investigative Journalism Network,1
Boy Genius Report,1
Cyprus Mail,1
The Bulwark,1
marketech apac,1
RealClearEnergy,1
World Socialist Web Site,1
SpaceNews,1
International Republican Institute,1
Ark Invest,1
Verfassungsblog,1
Fox News,1
The Block,1
KRON4,1
Detroit Free Press,1
Intel Newsroom,1
Breaking Defense,1
Anduril,1
NBC10 Philadelphia,1
Context News,1
Tennessee Secretary of State (.gov),1
Westfair Communications,1
topnews.in,1
Investing.com Australia,1
Insider Financial,1
FBC News,1
Free Malaysia Today,1
ResearchGate,1
Michigan State University,1
Stateline,1
MoreThanTheCurve,1
Roanoke College,1
Amazon Sustainability,1
Amazon Frontlines,1
CleanTechnica,1
Texas Woman's University,1
As You Sow,1
Law360,1
Windows Blog,1
City of Tucson (.gov),1
Stephen F. Austin State University,1
World Bank Blogs,1
Grocery Dive,1
UNOS,1
AlgorithmWatch,1
Jungle Scout,1
Food Business News,1
AZFamily,1
The Writers' Guild of Great Britain,1
National Association of Counties,1
WVTM,1
SCOTUSblog,1
Newsweek,1
Radiology Business,1
Seattle Public Schools,1
ABC News,1
Conservation International,1
International Consortium of Investigative Journalists - ICIJ,1
Intuit,1
New Jersey Monitor,1
DW,1
Money/ US News,1
MatthewBall.co,1
BoiseDev,1
USC Viterbi School of Engineering,1
eastgatefuneral.com,1
PNAS,1
Balkan Insight,1
BOMB Magazine,1
Center for Data Innovation,1
Jacksonville Journal-Courier,1
The Nature Conservancy,1
Congresswoman Pramila Jayapal (.gov),1
SAP News Center,1
Vogue Business,1
Louisiana Economic Development (.gov),1
SEC.gov,1
The Santa Barbara Independent,1
The Armchair Trader,1
Fort Worth Magazine,1
Fort Worth Star-Telegram,1
Fort Worth Inc.,1
MacTrast,1
WFAA,1
Islamic Finance Guru,1
XTB.com,1
EconoTimes,1
Cult of Mac,1
International Business Times UK,1
Times of India,1
MSDynamicsWorld.com,1
The Official Microsoft Blog,1
Crypto News,1
Cantech Letter,1
North Penn Now,1
Finimize,1
Pratt Institute,1
Orlando City,1
statnews.com,1
ABC15 Arizona,1
NYU Stern,1
NCAA.org,1
Dark Reading,1
Capital.com,1
BullionVault,1
The University of Oklahoma,1
Bitcoinist.com,1
patentlyapple.com,1
Morningstar Asia,1
ETF Database,1
Rest of World,1
George Mason University,1
VOA - Voice of America English News,1
The Times of Israel,1
Babson College,1
IT Pro,1
The Intercept,1
Tom's Hardware,1
NCDOJ (.gov),1
CFO Dive,1
OCHA,1
American University,1
Lumen Technologies,1
Laptop Mag,1
Slate Magazine,1
politico.eu,1
The Financial Brand,1
Illinois Institute of Technology,1
Urban Land Magazine,1
Middle East Eye,1
BMC Medical Research Methodology,1
World Resources Institute,1
Hello Partner,1
Morning Brew,1
WFYI,1
KEYE,1
Malwarebytes,1
Biometric Update,1
Select Committee on the CCP | (.gov),1
The HIPAA Journal,1
HR Brew,1
Cisco Newsroom,1
IAPP,1
Inside INdiana Business,1
E&E News by POLITICO,1
Charter Communications,1
Lockheed Martin,1
KING5.com,1
USC Annenberg,1
The Earthshot Prize,1
Unicef,1
POWER Magazine,1
Cleveland Clinic Newsroom,1
Euractiv,1
The Seattle Times,1
wiz.io,1
Brookings,1
The Cool Down,1
TBIJ,1
Houston Public Media,1
The CFO,1
Nieman Lab,1
Carnegie Mellon University,1
eWEEK,1
Telefónica,1
American Hospital Association,1
CIO Dive,1
Payments Dive,1
Transport Topics,1
Maginative,1
Deutsche Telekom Group,1
Global Witness,1
ThinkGeoEnergy,1
Sustainability Magazine,1
wwf.org.uk,1
Harvard Gazette,1
Spencer Fane,1
Columbia Business Report,1
WJBF,1
Cato Institute,1
World Wildlife Fund,1
SC Daily Gazette,1
Congressman Tim Walberg | (.gov),1
Fingerlakes1.com,1
