publisher,relevant
- Center for Democracy and Technology,
24/7 Wall St.,
9to5Mac,
A Wealth of Common Sense,
ABC Money,
ABC News,
ABC15 Arizona,
ABC7 New York,
AFR,
AI Business,
AI at Meta,
AOL.com,
AP News,
AZFamily,
About Amazon,
About Amazon Europe,
AdExchanger,
Adweek,
Al Jazeera,
AlgorithmWatch,
AlphaStreet,
Amazon Frontlines,
Amazon Sustainability,
Amazon Web Services (AWS),
American Hospital Association,
American University,
Amnesty International,
Analytics Insight,
Android Authority,
Anduril,
AppleInsider,
Ark Invest,
Arnold & Porter,
As You Sow,
AskTraders.com,
Axios,
BBC,
BMC Medical Research Methodology,
BNN Bloomberg,
BOMB Magazine,
Babson College,
Balkan Insight,
Bankrate,
Barchart.com,
Barron's,
Baton Rouge Business Report,
Benzinga,
Biometric Update,
Bitcoinist.com,
Bloomberg,
BoiseDev,
Boy Genius Report,
Breaking Defense,
Broadcom,
Brookings,
Built In,
BullionVault,
Business Insider,
Business Wire,
CBS News,
CCN.com,
CFO Dive,
CIO Dive,
CNBC,
CNET,
CNN,
Cabot Wealth Network,
CalMatters,
Campaign Asia,
Campaign Legal Center,
Canary Media,
Cantech Letter,
Capital.com,
CarbonCredits.com,
Carnegie Mellon University,
Cato Institute,
Center for Data Innovation,
ChannelE2E,
Charter Communications,
Cisco Newsroom,
City of Tucson (.gov),
CleanTechnica,
Cleveland Clinic Newsroom,
CoStar,
CoinCentral,
CoinDesk,
CoinGape,
Cointelegraph,
Columbia Business Report,
Columbia Journalism Review,
Competitive Enterprise Institute,
Computer Weekly,
Computerworld,
Congressman Tim Walberg | (.gov),
Congresswoman Pramila Jayapal (.gov),
Conservation International,
Construction Dive,
Context News,
Cornell Chronicle,
Courthouse News,
Crunchbase News,
Crypto News,
Cult of Mac,
CyberScoop,
Cyprus Mail,
DW,
Dark Reading,
Data Center Dynamics,
DataDrivenInvestor,
Detroit Free Press,
Deutsche Telekom Group,
Digiday,
Digital Commerce 360,
DirectorsTalk Interviews,
District of Columbia | Attorney General (.gov),
E&E News by POLITICO,
ERP Today,
ESG Dive,
ESG Today,
ESPN,
ESPN Front Row,
ETF Database,
ETF Stream,
ETF Trends,
ETF.com,
EconoTimes,
Economies.com,
Electrek,
Electronic Frontier Foundation,
Engadget,
Engineering at Meta,
Entergy Newsroom,
Entrepreneur,
Euractiv,
Euronews.com,
FBC News,
FIU News,
FXEmpire,
FXLeaders,
FXStreet,
FactCheck.org,
Fast Company,
Fierce Healthcare,
Finance Magnates,
FinanceFeeds,
Financial Times,
FinancialContent,
Finbold,
Fingerlakes1.com,
Finimize,
Food Business News,
Fool UK,
Forbes,
Forexlive,
"Forexlive | Forex News, Technical Analysis & Trading Tools",
Forrester,
Fort Worth Inc.,
Fort Worth Magazine,
Fort Worth Star-Telegram,
Fortune,
Fox Business,
Fox News,
Free Malaysia Today,
FreightWaves,
Frontiers,
GLAAD,
GeekWire,
George Mason University,
Gizmodo,
Global Investigative Journalism Network,
Global Witness,
GlobeNewswire,
Google Blog,
GovTech,
Grocery Dive,
GuruFocus,
HR Brew,
HR Grapevine,
HRC | Human Rights Campaign,
Harvard Gazette,
Harvard T.H. Chan School of Public Health,
Healthcare Dive,
Hedgeye,
Hello Partner,
Houston Public Media,
How-To Geek,
Hyperallergic,
IAPP,
IEEE Spectrum,
INDODAX,
IT Pro,
Illinois Institute of Technology,
Inc.com,
Information Technology and Innovation Foundation (ITIF),
Inside INdiana Business,
Insider Financial,
Insider Monkey,
InsuranceNewsNet,
Intel Newsroom,
International Brotherhood of Teamsters,
International Business Times UK,
International Consortium of Investigative Journalists - ICIJ,
International Republican Institute,
Intuit,
Investing.com,
Investing.com Australia,
InvestingCube,
InvestmentNews,
Investopedia,
Investor's Business Daily,
InvestorPlace,
Investorsobserver,
Islamic Finance Guru,
Jacksonville Journal-Courier,
Jungle Scout,
Just Security,
KEYE,
KING5.com,
KNOE,
KRON4,
KTVU,
Kiplinger,
LPL Financial,
Lakeshore Public Media,
Laptop Mag,
Latest news from Azerbaijan,
Law360,
Lawyers' Committee for Civil Rights Under Law,
Lenovo StoryHub,
Lifehacker,
LiveNOW from FOX,
Lockheed Martin,
Los Angeles Times,
Louisiana Economic Development (.gov),
Louisiana Illuminator,
Lumen Technologies,
MIT Technology Review,
MSDynamicsWorld.com,
MSN,
MSNBC News,
MSSP Alert,
MSUToday,
MacDailyNews,
MacTrast,
Maginative,
Malwarebytes,
MarTech,
MarketBeat,
MarketWatch,
Marketing Brew,
Marketing Dive,
Markets.com,
Mashable,
MatthewBall.co,
McNeese State University Athletics,
Men's Journal,
Meta Store,
Mi-3.com.au.,
Michigan State University,
Microsoft,
Microsoft Azure,
Middle East Eye,
Mitrade,
MobiHealthNews,
Money Morning,
Money/ US News,
MoneyCheck,
Mongabay,
MoreThanTheCurve,
Morning Brew,
Morningstar,
Morningstar Asia,
Music Business Worldwide,
MusicRow.com,
NBC Bay Area,
NBC News,
NBC10 Philadelphia,
NCAA.org,
NCDOJ (.gov),
NPR,
NVIDIA Blog,
NVIDIA Newsroom,
NYU Stern,
Nasdaq,
National Association of Counties,
Nature,
NerdWallet,
New Jersey Monitor,
New Scientist,
New York Magazine,
New York Post,
Newsweek,
Niantic Labs,
Nieman Lab,
North Penn Now,
Northeastern Global News,
OCHA,
Oceana | Protecting the World's Oceans,
Open Society Foundations,
Organized Crime and Corruption Reporting Project | OCCRP,
Orlando City,
PBS,
PCMag,
PIRG,
PNAS,
POWER Magazine,
PR Newswire,
PYMNTS.com,
Payments Dive,
Politico,
Poynter,
Pratt Institute,
Proactive Investors,
Proactive financial news,
Quartz,
RWE,
Radiology Business,
Real Investment Advice,
RealClearEnergy,
ResearchGate,
Rest of World,
Reuters,
Roanoke College,
Roll Call,
SAP News Center,
SC Daily Gazette,
SCOTUSblog,
SEC.gov,
San Francisco Chronicle,
Schaeffer's Investment Research,
ScienceDirect.com,
Search Engine Land,
Seattle Public Schools,
Securities.io,
Seeking Alpha,
Select Committee on the CCP | (.gov),
Semafor,
Shacknews,
Sherwood News,
Shreveport Times,
SiliconANGLE,
Slate Magazine,
Social Media Today,
SpaceNews,
Spencer Fane,
Stanford Law School,
State of California - Department of Justice (.gov),
Stateline,
Statista,
Stephen F. Austin State University,
Stock Titan,
StockNews,
Stockhouse,
Stratechery by Ben Thompson,
StreetInsider,
Supply Chain Dive,
Sure Dividend,
Sustainability Magazine,
Sustainalytics,
TBIJ,
TECHi,
Tech Policy Press,
TechCrunch,
TechRepublic,
TechStory,
Technology Magazine,
Telefónica,
Tennessee Secretary of State (.gov),
Tesla Oracle,
Teslarati,
Texas Woman's University,
The Acquirer's Multiple,
The American Prospect,
The Armchair Trader,
The Atlantic,
The Block,
The Bulwark,
The CFO,
The Cloudflare Blog,
The College Today,
The Conversation,
The Cool Down,
The Crypto Basic,
The Cryptonomist,
The Daily Hodl,
The Drum,
The Earthshot Prize,
The Economic Times,
The Economist,
The Equation - Union of Concerned Scientists,
The Estée Lauder Companies Inc.,
The Financial Brand,
The Ghost Howls,
The Globe and Mail,
The Guardian,
The HIPAA Journal,
The Hacker News,
The Hill,
The Hollywood Reporter,
The Independent Florida Alligator,
The Information,
The Intercept,
The Leadership Conference on Civil and Human Rights,
The Motley Fool,
The Motley Fool Canada,
The Nature Conservancy,
The New York Times,
The Official Microsoft Blog,
The Oversight Board,
The Record from Recorded Future News,
The Rockefeller Foundation,
The San Francisco Standard,
The Santa Barbara Independent,
The Seattle Times,
The Shortcut | Matt Swider,
The Smart Investor,
The Sun,
The Texas Tribune,
The Times of Israel,
The Tradable,
The US Sun,
The University of Oklahoma,
The Verge,
The Washington Post,
The Writers' Guild of Great Britain,
TheStreet,
TheStreet Pro,
ThinkGeoEnergy,
Time Magazine,
Times of India,
TipRanks,
Tokenist,
Toledo Blade,
Tom's Guide,
Tom's Hardware,
TradingView,
Transport Topics,
Trefis,
Trellis Group,
Trend Micro,
Turner Construction Company,
U.S. Consumer Product Safety Commission (.gov),
U.S. Senate (.gov),
UFC.com,
UNEP - UN Environment Programme,
UNOS,
USA Today,
USC Annenberg,
USC Viterbi School of Engineering,
Unicef,
University of Arizona News,
University of Houston,
UploadVR,
Urban Land Magazine,
Utility Dive,
VICE,
VOA - Voice of America English News,
Value The Markets,
Vanderbilt University,
Variety,
Vatican News,
VentureBeat,
Verfassungsblog,
Vermont Business Magazine,
Vinson & Elkins LLP,
Virginia Mercury,
Virginia Tech News,
Visual Capitalist,
Vogue Business,
WFAA,
WFYI,
WIRED,
WJBF,
WPR,
WSJ,
WVTM,
Wall Street Pit,
Watcher Guru,
West Virginia University,
Westfair Communications,
Windows Blog,
World Bank,
World Bank Blogs,
World Nuclear News,
World Resources Institute,
World Socialist Web Site,
World Wildlife Fund,
XR Today,
XTB.com,
Yahoo,
Yahoo Finance,
Yarrawonga Chronicle,
ZDNET,
Zacks Investment Research,
admiralmarkets.com,
amazonwatch.org,
cataudellafh.com,
cio.com,
citybiz,
eMarketer,
eToro,
eWEEK,
eastgatefuneral.com,
eos.org,
financialexpress.com,
finchannel,
fox8live.com,
home.saxo,
ig.com,
marketech apac,
marketpulse.com,
markets.businessinsider.com,
moneyshow.com,
news.stocktradersdaily.com,
noyb.eu,
nwitimes.com,
patentlyapple.com,
politico.eu,
simplywall.st,
statnews.com,
substack.com,
tastylive,
theafricalogistics.com,
theregister.com,
topnews.in,
wiz.io,
wwf.org.uk,
آي-فون إسلام,
